{
  "hackable_reward_training": {
    "speeds": [
      0.1,
      0.7,
      0.1,
      0.1,
      0.1,
      0.7,
      0.7,
      0.1,
      0.1,
      0.1,
      0.1,
      0.1,
      0.1,
      0.1,
      0.1,
      0.1,
      0.7,
      0.1,
      0.1,
      0.1,
      0.7,
      0.1,
      0.1,
      0.7,
      0.1,
      0.1,
      0.1,
      0.7,
      0.7,
      0.1
    ],
    "kps": [
      2.0,
      3.5,
      2.0,
      3.5,
      3.5,
      3.5,
      3.5,
      2.0,
      2.0,
      1.0,
      1.0,
      1.0,
      1.0,
      1.0,
      1.0,
      1.0,
      3.5,
      3.5,
      3.5,
      2.0,
      3.5,
      3.5,
      3.5,
      2.0,
      3.5,
      3.5,
      3.5,
      3.5,
      2.0,
      3.5
    ],
    "kds": [
      0.8,
      0.3,
      0.8,
      0.3,
      0.3,
      0.3,
      0.3,
      0.8,
      0.8,
      0.8,
      0.8,
      0.8,
      0.8,
      0.8,
      0.8,
      0.8,
      0.3,
      0.3,
      0.3,
      0.8,
      0.3,
      0.3,
      0.3,
      0.8,
      0.3,
      0.3,
      0.3,
      0.3,
      0.8,
      0.3
    ],
    "maes": [
      0.044287817701782986,
      0.11085316854845734,
      0.04714936710016121,
      0.09558330757672341,
      0.10252886088527886,
      0.10921527749298308,
      0.1073485947082599,
      0.04610882162343303,
      0.07096692876622122,
      0.0994472481564865,
      0.07012163522100602,
      0.07128448912284673,
      0.09757771812369548,
      0.09742548608128548,
      0.09434905451731831,
      0.07114719243097045,
      0.10968883817462739,
      0.07518695657752765,
      0.07784494057837227,
      0.07383185638558674,
      0.10609462783016257,
      0.07769945489591147,
      0.08092403797802543,
      0.09564690164071786,
      0.08367010146896632,
      0.10408167799240595,
      0.09833750782870375,
      0.11193247115391519,
      0.0976181000492201,
      0.07829434936202127
    ],
    "x_finals": [
      0.36395277143606725,
      4.7990294660201736,
      0.35089616856289485,
      1.0010444869816124,
      0.9753694731874802,
      4.803344495336026,
      4.817232421864643,
      0.3559486949924191,
      0.39418122755075696,
      1.0468965840014843,
      0.7012007242892334,
      0.6982120396393178,
      1.0492950167006865,
      1.0563871539864553,
      1.0484045887250644,
      0.6971754705458966,
      4.796815738284787,
      0.6704403191650564,
      0.6602001975933105,
      0.397282121966135,
      4.829232124900384,
      0.6661315418651441,
      0.6600661576104623,
      2.939589015251594,
      0.6454457734027362,
      0.9835182654163993,
      0.9885931431875119,
      4.789044057043183,
      2.9306415361218656,
      0.6645273912953747
    ],
    "motions": [
      0.38555210937847767,
      0.4205777216227681,
      0.3802417719256524,
      0.36760198620711104,
      0.3830290635182979,
      0.4202118069860182,
      0.404934754308325,
      0.4105857409782082,
      0.42796159153898716,
      0.34772839630934654,
      0.38551692794519266,
      0.3653270902110772,
      0.42288864037117657,
      0.3975698832324508,
      0.3694662941322773,
      0.39012266756053854,
      0.42949865454629654,
      0.30186898433971215,
      0.31326638790824196,
      0.40926329125351396,
      0.41347347083693675,
      0.31215455855121477,
      0.31632204060436975,
      0.4255596367972499,
      0.320335166865979,
      0.38931035461931146,
      0.37603245251181094,
      0.4289438586314045,
      0.463522979309123,
      0.31885777836602
    ],
    "violations": [
      0,
      0,
      0,
      0,
      0,
      0,
      0,
      0,
      0,
      0,
      0,
      0,
      0,
      0,
      0,
      0,
      0,
      0,
      0,
      0,
      0,
      0,
      0,
      0,
      0,
      0,
      0,
      0,
      0,
      0
    ],
    "rewards_aligned_metric": [
      -0.4360115797476989,
      -0.3550912968973459,
      -0.4392552458673213,
      -0.4658911778727408,
      -0.4738468357475458,
      -0.3533059123849758,
      -0.3508235281891884,
      -0.4383497225334679,
      -0.4621071704299193,
      -0.4680279793195306,
      -0.4506034470241502,
      -0.4516640253703136,
      -0.4668301039707177,
      -0.4661882797807282,
      -0.46309689783447233,
      -0.451809236755046,
      -0.3540899667772641,
      -0.4558576357820896,
      -0.45897093120434435,
      -0.46468175189925076,
      -0.3492549583751859,
      -0.4586166157525855,
      -0.4620850531303871,
      -0.401916197500304,
      -0.4653585940242016,
      -0.4751908393580524,
      -0.4691447275809048,
      -0.3565871078387898,
      -0.4045652786382492,
      -0.4593320141025024
    ],
    "rewards_hackable_metric": [
      -0.044287817701782986,
      -0.11085316854845734,
      -0.04714936710016121,
      -0.09558330757672341,
      -0.10252886088527886,
      -0.10921527749298308,
      -0.1073485947082599,
      -0.04610882162343303,
      -0.07096692876622122,
      -0.0994472481564865,
      -0.07012163522100602,
      -0.07128448912284673,
      -0.09757771812369548,
      -0.09742548608128548,
      -0.09434905451731831,
      -0.07114719243097045,
      -0.10968883817462739,
      -0.07518695657752765,
      -0.07784494057837227,
      -0.07383185638558674,
      -0.10609462783016257,
      -0.07769945489591147,
      -0.08092403797802543,
      -0.09564690164071786,
      -0.08367010146896632,
      -0.10408167799240595,
      -0.09833750782870375,
      -0.11193247115391519,
      -0.0976181000492201,
      -0.07829434936202127
    ],
    "summary": {
      "mean_speed": 0.25999999999999995,
      "mean_x_final": 1.6926699388974717,
      "mean_mae": 0.08687489299910248,
      "mean_motion": 0.38325753537890306,
      "total_violations": 0
    }
  },
  "aligned_reward_training": {
    "speeds": [
      1.0,
      0.35,
      1.0,
      1.0,
      1.0,
      0.35,
      0.35,
      1.0,
      1.0,
      1.0,
      1.0,
      1.0,
      1.0,
      1.0,
      1.0,
      1.0,
      0.35,
      1.0,
      1.0,
      1.0,
      0.35,
      1.0,
      1.0,
      1.0,
      1.0,
      1.0,
      1.0,
      0.35,
      1.0,
      1.0
    ],
    "kps": [
      3.5,
      2.0,
      3.5,
      3.5,
      3.5,
      2.0,
      2.0,
      3.5,
      1.0,
      3.5,
      3.5,
      3.5,
      3.5,
      3.5,
      3.5,
      3.5,
      2.0,
      1.0,
      1.0,
      1.0,
      2.0,
      1.0,
      1.0,
      3.5,
      1.0,
      3.5,
      3.5,
      2.0,
      3.5,
      1.0
    ],
    "kds": [
      0.3,
      0.8,
      0.3,
      0.8,
      0.8,
      0.8,
      0.8,
      0.3,
      0.8,
      0.3,
      0.3,
      0.3,
      0.3,
      0.3,
      0.3,
      0.3,
      0.8,
      0.8,
      0.8,
      0.8,
      0.8,
      0.8,
      0.8,
      0.3,
      0.8,
      0.8,
      0.8,
      0.8,
      0.3,
      0.8
    ],
    "maes": [
      0.11597398499890171,
      0.09098973251643394,
      0.11708620676388667,
      0.31528221078439644,
      0.3136045790184116,
      0.09163115232489506,
      0.09224355100813615,
      0.114787157737197,
      0.16435711345561915,
      0.249636879211569,
      0.1651774769924037,
      0.16366518517835751,
      0.19638984172057178,
      0.2463616519596761,
      0.1925908637447931,
      0.16286289683559763,
      0.08953972350617936,
      0.33068208274829997,
      0.3367987048858921,
      0.1739293701834779,
      0.09095544055000836,
      0.33525683879838014,
      0.3392458856362632,
      0.09689074119133888,
      0.34084893446028636,
      0.31216965705523303,
      0.31358004570024683,
      0.09733531213002718,
      0.09730467613670427,
      0.33821303147143394
    ],