{
  "seeds": [
    0,
    1,
    2,
    3,
    4
  ],
  "train_episodes": 150,
  "holdout_n": 30,
  "n_arms": 20,
  "policies": {
    "Fixed": {
      "mean_reward_per_seed": [
        -0.28276848710539954,
        -0.2764265821618796,
        -0.2623741136585178,
        -0.271204162635823,
        -0.26535515912464563
      ],
      "mean_reward_across_seeds": -0.27162570093725313,
      "std_reward_across_seeds": 0.007379693766834697,
      "violation_rate_per_seed": [
        0.8333333333333334,
        0.8333333333333334,
        0.7333333333333333,
        0.8333333333333334,
        0.7333333333333333
      ],
      "violation_rate_across_seeds": 0.7933333333333333,
      "violation_count_per_seed": [
        25,
        25,
        22,
        25,
        22
      ],
      "total_violations": 119,
      "total_holdout_episodes": 150
    },
    "EpsilonGreedy": {
      "mean_reward_per_seed": [
        -0.15990455138002047,
        -0.21813343483752864,
        -0.15152052578153,
        -0.17461731429342978,
        -0.19954009235205677
      ],
      "mean_reward_across_seeds": -0.18074318372891313,
      "std_reward_across_seeds": 0.024807632953487504,
      "violation_rate_per_seed": [
        0.13333333333333333,
        0.3,
        0.16666666666666666,
        0.16666666666666666,
        0.26666666666666666
      ],
      "violation_rate_across_seeds": 0.20666666666666664,
      "violation_count_per_seed": [
        4,
        9,
        5,
        5,
        8
      ],
      "total_violations": 31,
      "total_holdout_episodes": 150
    },
    "LinUCB": {
      "mean_reward_per_seed": [
        -0.19818604424090833,
        -0.19839530875626124,
        -0.1898457857831155,
        -0.18391397560361114,
        -0.2235781404781623
      ],
      "mean_reward_across_seeds": -0.1987838509724117,
      "std_reward_across_seeds": 0.013537114410750218,
      "violation_rate_per_seed": [
        0.3,
        0.36666666666666664,
        0.3333333333333333,
        0.23333333333333334,
        0.6
      ],
      "violation_rate_across_seeds": 0.3666666666666667,
      "violation_count_per_seed": [
        9,
        11,
        10,
        7,
        18
      ],
      "total_violations": 55,
      "total_holdout_episodes": 150
    },
    "NeuralBandit": {
      "mean_reward_per_seed": [
        -0.2305102130791806,
        -0.2267883471525244,
        -0.21959036278163868,
        -0.2183275742806975,
        -0.23060502169508643
      ],
      "mean_reward_across_seeds": -0.22516430379782554,
      "std_reward_across_seeds": 0.0052654983247987985,
      "violation_rate_per_seed": [
        0.4666666666666667,
        0.43333333333333335,
        0.26666666666666666,
        0.43333333333333335,
        0.5333333333333333
      ],
      "violation_rate_across_seeds": 0.42666666666666664,
      "violation_count_per_seed": [
        14,
        13,
        8,
        13,
        16
      ],
      "total_violations": 64,
      "total_holdout_episodes": 150
    },
    "Oracle": {
      "mean_reward_per_seed": [
        -0.15677241490584837,
        -0.1589663776826806,
        -0.14195311866227575,
        -0.1517660672154531,
        -0.1479420307037479
      ],
      "mean_reward_across_seeds": -0.15148000183400118,
      "std_reward_across_seeds": 0.006122353069848644,
      "violation_rate_per_seed": [
        0.26666666666666666,
        0.26666666666666666,
        0.2,
        0.26666666666666666,
        0.16666666666666666
      ],
      "violation_rate_across_seeds": 0.23333333333333334,
      "violation_count_per_seed": [
        8,
        8,
        6,
        8,
        5
      ],
      "total_violations": 35,
      "total_holdout_episodes": 150
    }
  }
}